Model,Accuracy,Precision,Recall,F1-Score,ROC-AUC,Avg Precision
Decision Tree,0.8066825775656324,0.8185017819680708,0.8066825775656324,0.812045071824823,0.724101966873706,0.3470949775572939
Random Forest,0.8484486873508353,0.8373478940624794,0.8484486873508353,0.8416657869333005,0.846547619047619,0.533513662828446
